,City,Country,Lat,Lng,Max Temp,Humidity,Cloudiness,Wind Speed,Current Description
0,Natal,BR,-5.795,-35.2094,77.22,88,40,3.44,scattered clouds
1,Hithadhoo,MV,-0.6,73.0833,81.55,74,89,5.35,overcast clouds
2,Esperance,AU,-33.8667,121.9,58.78,66,0,9.1,clear sky
3,Punta Arenas,CL,-53.15,-70.9167,44.71,61,75,12.66,broken clouds
4,Busselton,AU,-33.65,115.3333,63.66,78,18,12.3,few clouds
5,Yellowknife,CA,62.456,-114.3525,57.72,94,75,10.36,light intensity shower rain
6,Kaset Sombun,TH,16.2805,101.9542,81.72,74,100,1.1,overcast clouds
7,Chokurdakh,RU,70.6333,147.9167,66.54,26,100,8.41,overcast clouds
8,Gondanglegi,ID,-7.7479,112.0132,80.17,81,38,3.13,scattered clouds
9,Albany,US,42.6001,-73.9662,74.62,65,100,3.85,overcast clouds
10,Geraldton,AU,-28.7667,114.6,63.01,94,75,10.36,broken clouds
11,Nabire,ID,-3.3667,135.4833,83.97,67,77,2.15,broken clouds
12,Saint-Philippe,RE,-21.3585,55.7679,69.39,84,70,17.94,light rain
13,Ancud,CL,-41.8697,-73.8203,45.23,90,57,3.8,light rain
14,Jizan,SA,17.3333,42.6667,90.54,76,80,4.03,broken clouds
15,Ushuaia,AR,-54.8,-68.3,44.26,57,0,6.91,clear sky
16,Nkan,GA,0.3833,9.7833,78.57,87,90,2.44,overcast clouds
17,Cabo San Lucas,MX,22.8909,-109.9124,90.7,42,0,11.5,clear sky
18,Peleduy,RU,59.6289,112.7406,75.11,37,9,4.72,clear sky
19,Kuhdasht,IR,33.535,47.6061,65.71,28,0,7.56,clear sky
20,Avarua,CK,-21.2078,-159.775,80.65,74,13,13.8,few clouds
21,Quatre Cocos,MU,-20.2078,57.7625,73.09,69,0,15.61,clear sky
22,Vaini,TO,-21.2,-175.2,78.96,78,75,6.91,broken clouds
23,Mapiripan,CO,2.8892,-72.1256,73.8,85,100,2.95,overcast clouds
24,Nanortalik,GL,60.1432,-45.2371,38.57,80,6,8.41,clear sky
25,Bac Lieu,VN,9.285,105.7244,83.25,71,100,0.4,overcast clouds
26,Kapaa,US,22.0752,-159.319,84.18,77,40,12.66,scattered clouds
27,Ouegoa,NC,-20.35,164.4333,80.46,71,23,13.02,few clouds
28,Yumen,CN,40.2833,97.2,81.73,8,100,5.53,overcast clouds
29,East London,ZA,-33.0153,27.9116,54.55,62,16,19.95,few clouds
30,Mataura,NZ,-46.1927,168.8643,49.48,96,100,7.58,overcast clouds
31,Jamestown,US,42.097,-79.2353,81.95,89,100,4.41,overcast clouds
32,Manicore,BR,-5.8092,-61.3003,75.15,94,0,0.0,clear sky
33,Barrow,US,71.2906,-156.7887,39.22,87,75,12.66,broken clouds
34,Westport,US,41.1415,-73.3579,69.3,84,20,5.75,few clouds
35,College,US,64.8569,-147.8028,73.0,47,75,5.75,smoke
36,Vilhena,BR,-12.7406,-60.1458,73.36,66,100,1.66,overcast clouds
37,Hermanus,ZA,-34.4187,19.2345,45.81,74,28,10.33,scattered clouds
38,Bambous Virieux,MU,-20.3428,57.7575,73.22,73,20,12.66,few clouds
39,Saskylakh,RU,71.9167,114.0833,50.32,38,16,6.24,few clouds
40,Vanavara,RU,60.34,102.2797,70.72,58,100,4.5,overcast clouds
41,Masterton,NZ,-40.9597,175.6575,56.88,66,39,13.33,scattered clouds
42,Veydelevka,RU,50.1521,38.4492,54.25,94,94,3.74,overcast clouds
43,Nishihara,JP,26.1842,127.7558,76.28,88,75,8.05,moderate rain
44,Belmonte,BR,-15.8631,-38.8828,69.89,80,44,6.71,scattered clouds
45,Harlingen,US,26.1906,-97.6961,87.89,79,0,16.11,clear sky
46,Bethel,US,41.3712,-73.414,69.89,80,40,3.44,scattered clouds
47,Salima,MW,-13.7804,34.4587,62.96,82,0,3.0,clear sky
48,Georgetown,MY,5.4112,100.3354,82.33,88,20,8.05,few clouds
49,Fort Nelson,CA,58.8053,-122.7002,72.99,27,75,8.05,broken clouds
50,Kalaleh,IR,37.3807,55.4916,70.16,62,0,3.38,clear sky
51,Mar Del Plata,AR,-38.0023,-57.5575,48.09,94,100,2.3,fog
52,Rudnaya Pristan,RU,44.3614,135.8116,60.87,74,100,3.96,overcast clouds
53,Pottstown,US,40.2454,-75.6496,76.5,62,0,4.61,clear sky
54,Tuktoyaktuk,CA,69.4541,-133.0374,42.8,70,20,13.8,few clouds
55,Atuona,PF,-9.8,-139.0333,77.94,70,62,19.42,broken clouds
56,Hilo,US,19.7297,-155.09,82.27,78,100,9.22,overcast clouds
57,Castro,BR,-24.7911,-50.0119,51.85,90,24,2.71,few clouds
58,Araouane,ML,18.9048,-3.5265,91.09,22,5,5.03,clear sky
59,Tromso,NO,69.6496,18.957,46.42,76,75,6.91,broken clouds
60,Victoria,HK,22.2855,114.1577,84.38,88,100,11.99,overcast clouds
61,High Level,CA,58.5169,-117.136,73.51,31,100,6.91,overcast clouds
62,Rikitea,PF,-23.1203,-134.9692,72.7,68,100,7.52,overcast clouds
63,Baruun-Urt,MN,46.6806,113.2792,72.84,37,100,11.03,overcast clouds
64,Cherskiy,RU,68.75,161.3,61.61,20,13,8.19,few clouds
65,Lavrentiya,RU,65.5833,-171.0,39.27,95,100,16.8,overcast clouds
66,Puerto Gaitan,CO,4.3133,-72.0816,75.36,76,36,2.13,scattered clouds
67,Careiro Da Varzea,BR,-3.2003,-59.8119,79.41,95,19,3.47,few clouds
68,Upernavik,GL,72.7868,-56.1549,32.02,74,100,6.26,overcast clouds
69,Klaksvik,FO,62.2266,-6.589,49.12,97,99,6.02,overcast clouds
70,Tarancon,ES,40.0085,-3.0073,76.28,34,100,8.16,overcast clouds
71,Butaritari,KI,3.0707,172.7902,82.0,71,26,11.77,scattered clouds
72,Cidreira,BR,-30.1811,-50.2056,58.21,83,4,4.12,clear sky
73,Villarrica,PY,-25.75,-56.4333,58.98,91,0,5.88,clear sky
74,Fairbanks,US,64.8378,-147.7164,73.02,48,40,5.75,smoke
75,Port Alfred,ZA,-33.5906,26.891,48.18,73,40,7.0,scattered clouds
76,Aklavik,CA,68.2191,-135.0107,64.92,31,6,8.19,clear sky
77,Saiki,JP,32.95,131.9,76.35,67,100,2.73,light rain
78,Asau,RO,46.4333,26.4,54.52,89,46,2.84,scattered clouds
79,Garowe,SO,8.4054,48.4845,76.5,62,39,22.24,scattered clouds
80,Cape Town,ZA,-33.9258,18.4232,56.37,79,0,4.61,clear sky
81,Tres Lagoas,BR,-20.7511,-51.6783,67.75,70,0,6.06,clear sky
82,Bereda,ES,43.2686,-7.5406,64.74,88,100,4.68,overcast clouds
83,Merauke,ID,-8.4667,140.3333,83.32,74,36,12.66,scattered clouds
84,Bayan,CN,46.0833,127.4,72.1,69,48,12.77,scattered clouds
85,Hobart,AU,-42.8794,147.3294,50.25,92,40,8.05,scattered clouds
86,Linjiang,CN,41.8069,126.9078,68.18,78,97,2.3,overcast clouds
87,Micheweni,TZ,-4.9667,39.8333,75.63,84,23,7.52,few clouds
88,Bluff,NZ,-46.6,168.3333,49.8,79,97,20.29,overcast clouds
89,Tacuati,PY,-23.45,-56.5833,64.81,73,0,4.52,clear sky
90,Bud,US,39.447,-86.1758,87.82,71,5,8.19,clear sky
91,Monterey,US,36.2505,-121.2516,89.19,15,0,15.43,clear sky
92,Erzin,TR,36.9559,36.2,69.28,88,3,1.05,clear sky
93,Tuatapere,NZ,-46.1333,167.6833,47.77,91,100,8.84,overcast clouds
94,Shimoda,JP,34.6667,138.95,71.96,85,100,15.08,overcast clouds
95,Gat,IL,31.61,34.7642,73.81,100,0,4.88,clear sky
96,Tasiilaq,GL,65.6145,-37.6368,35.76,96,100,9.86,light rain
97,Hami,CN,42.8,93.45,92.98,15,1,10.25,clear sky
98,Bilibino,RU,68.0546,166.4372,55.6,28,1,4.38,clear sky
99,Ribeira Grande,PT,38.5167,-28.7,64.81,91,36,4.0,scattered clouds
100,Siguiri,GN,11.6667,-9.5,81.03,59,100,4.05,overcast clouds
101,Ambilobe,MG,-13.2,49.05,66.83,93,1,3.76,clear sky
102,Keokuk,US,40.3973,-91.3849,88.32,66,40,10.36,scattered clouds
103,Sao Filipe,CV,14.8961,-24.4956,72.73,86,71,6.2,broken clouds
104,Talnakh,RU,69.4865,88.3972,69.21,44,100,5.97,overcast clouds
105,Yaan,NG,7.3833,8.5667,74.08,91,100,7.0,moderate rain
106,Mahebourg,MU,-20.4081,57.7,73.26,73,20,12.66,few clouds
107,Luderitz,NA,-26.6481,15.1594,62.17,36,0,17.36,clear sky
108,Port Elizabeth,ZA,-33.918,25.5701,49.1,80,0,12.66,clear sky
109,Airai,TL,-8.9266,125.4092,67.59,64,77,5.46,broken clouds
110,Kumluca,TR,36.3703,30.2869,75.94,65,5,3.15,clear sky
111,Makakilo City,US,21.3469,-158.0858,79.68,69,100,11.5,light rain
112,Husavik,IS,66.0449,-17.3389,47.39,89,100,5.32,overcast clouds
113,Muisne,EC,0.6,-80.0333,75.42,84,100,10.11,overcast clouds
114,Severo-Kurilsk,RU,50.6789,156.125,49.77,79,99,9.8,overcast clouds
115,Olafsvik,IS,64.8945,-23.7142,48.09,72,67,16.82,broken clouds
116,Benghazi,LY,32.1167,20.0667,74.5,74,0,9.04,clear sky
117,North Branch,US,45.5113,-92.9802,75.27,86,0,8.81,clear sky
118,Carlsbad,US,33.1581,-117.3506,81.9,77,75,9.22,broken clouds
119,Saldanha,ZA,-33.0117,17.9442,50.79,72,4,8.34,clear sky
120,Senanga,ZM,-16.1167,23.2667,54.73,54,0,5.77,clear sky
121,Carnarvon,AU,-24.8667,113.6333,71.4,84,76,3.36,broken clouds
122,Baykalovo,RU,57.3981,63.7684,58.78,91,30,4.97,scattered clouds
123,Hambantota,LK,6.1241,81.1185,75.54,100,75,2.3,moderate rain
124,Turayf,SA,31.6725,38.6637,71.85,56,0,13.8,clear sky
125,Sirjan,IR,29.452,55.6814,74.73,20,0,2.55,clear sky
126,Seoul,KR,37.5683,126.9778,69.37,72,75,2.3,broken clouds
127,Naze,JP,28.3667,129.4833,74.32,89,100,13.65,overcast clouds
128,Nikolskoye,RU,59.7035,30.7861,55.8,94,13,9.44,few clouds
129,Mayor Pablo Lagerenza,PY,-19.9309,-60.7718,70.79,61,0,5.41,clear sky
130,Pangnirtung,CA,66.1451,-65.7125,37.49,100,100,3.91,overcast clouds
131,Khatanga,RU,71.9667,102.5,64.36,38,27,10.16,scattered clouds
132,Puerto Del Rosario,ES,28.5004,-13.8627,69.55,73,0,12.66,clear sky
133,North Bend,US,43.4065,-124.2243,61.92,97,100,6.91,overcast clouds
134,Kavaratti,IN,10.5669,72.642,83.46,73,100,14.9,moderate rain
135,Avera,US,33.194,-82.5271,87.85,52,81,11.12,broken clouds
136,Kodiak,US,57.79,-152.4072,54.91,76,75,5.75,broken clouds
137,Tilichiki,RU,60.4667,166.1,50.32,71,86,11.41,overcast clouds
138,Bengkulu,ID,-3.8004,102.2655,76.8,87,100,3.2,overcast clouds
139,Sorong,ID,-0.8833,131.25,81.32,78,22,3.13,few clouds
140,Ulladulla,AU,-35.35,150.4667,61.77,55,92,10.25,overcast clouds
141,Los Llanos De Aridane,ES,28.6585,-17.9182,64.15,87,75,5.75,broken clouds
142,Adeje,ES,28.1227,-16.726,67.32,75,20,1.14,few clouds
143,Zambezi,ZM,-13.5432,23.1047,54.48,51,0,3.76,clear sky
144,Dikson,RU,73.5069,80.5464,35.71,85,100,5.91,overcast clouds
145,Chernyshevskiy,RU,63.0128,112.4714,69.42,42,100,4.25,overcast clouds
146,Karratha,AU,-20.7377,116.8463,76.33,41,10,11.12,clear sky
147,Cortez,US,37.3489,-108.5859,83.16,6,0,8.05,clear sky
148,Hailar,CN,49.2,119.7,67.77,56,16,6.58,few clouds
149,Polunochnoye,RU,60.8697,60.4153,57.42,70,22,2.62,few clouds
150,Pevek,RU,69.7008,170.3133,35.04,80,19,8.43,few clouds
151,Thompson,CA,55.7435,-97.8558,68.16,40,75,5.75,broken clouds
152,Morant Bay,JM,17.8815,-76.4093,80.22,87,100,9.24,overcast clouds
153,Bucerias,MX,20.75,-105.3333,78.98,94,100,9.22,overcast clouds
154,Puerto Ayora,EC,-0.7393,-90.3518,71.55,90,6,5.99,clear sky
155,Baijiantan,CN,45.6333,85.1833,82.26,27,100,14.12,overcast clouds
156,Ponta Do Sol,PT,32.6667,-17.1,68.63,75,22,9.53,few clouds
157,Suez,EG,29.9737,32.5263,70.68,84,0,9.26,clear sky
158,Qaanaaq,GL,77.484,-69.3632,27.52,80,19,3.51,few clouds
159,Lebu,CL,-37.6167,-73.65,50.67,86,76,6.31,broken clouds
160,Vao,NC,-22.6667,167.4833,73.87,82,93,21.36,overcast clouds
161,Moberly,US,39.4184,-92.4382,85.98,54,0,11.5,clear sky
162,Saint George,US,37.1041,-113.5841,99.63,5,0,3.0,clear sky
163,Port Moresby,PG,-9.4431,147.1797,85.42,74,40,5.75,haze
164,Nuevo Progreso,MX,23.1667,-97.95,82.54,78,89,7.56,overcast clouds
165,Bykovo,RU,55.6361,38.0803,56.93,82,0,4.47,clear sky
166,Morros,BR,-9.4467,-46.3003,78.8,38,100,3.6,overcast clouds
167,Evensk,RU,61.95,159.2333,48.88,67,80,10.6,broken clouds
168,Yulara,AU,-25.2406,130.9889,63.45,41,7,7.58,clear sky
169,Jacareacanga,BR,-6.2222,-57.7528,72.19,97,77,1.52,broken clouds
170,Volnovakha,UA,47.601,37.4967,51.15,93,0,7.43,clear sky
171,Tiksi,RU,71.6872,128.8694,37.65,72,15,12.57,few clouds
172,Salalah,OM,17.0151,54.0924,84.29,84,40,4.61,scattered clouds
173,Hovd,MN,48.0056,91.6419,70.74,35,73,2.75,broken clouds
174,Kavieng,PG,-2.5744,150.7967,84.87,69,30,12.88,scattered clouds
175,Kaitangata,NZ,-46.2817,169.8464,48.06,88,98,12.3,overcast clouds
176,Sainte-Maxime,FR,43.3,6.6333,74.93,87,0,6.64,clear sky
177,Mumford,GH,5.2618,-0.759,74.1,96,100,3.98,heavy intensity rain
178,Codrington,AU,-38.2667,141.9667,57.34,86,66,16.02,broken clouds
179,Mayo,US,38.8876,-76.5119,81.01,72,0,13.8,clear sky
180,Coquimbo,CL,-29.9533,-71.3436,55.13,87,100,3.44,overcast clouds
181,Durban,ZA,-29.8579,31.0292,54.01,63,0,3.0,clear sky
182,Bilma,NE,18.6853,12.9164,91.0,27,100,8.25,overcast clouds
183,Vila Franca Do Campo,PT,37.7167,-25.4333,64.2,88,82,8.55,broken clouds
184,Matay,EG,28.419,30.7792,77.43,56,0,15.08,clear sky
185,Shamary,RU,57.3434,58.2199,57.9,93,44,3.24,scattered clouds
186,Zarubino,RU,42.63,131.0922,57.67,85,100,7.49,overcast clouds
187,Grindavik,IS,63.8424,-22.4338,48.15,87,75,13.8,broken clouds
188,Simpang,ID,-1.2667,104.0833,76.8,92,100,3.02,overcast clouds
189,Portland,US,45.5234,-122.6762,70.79,52,75,10.36,broken clouds
190,San,ML,13.3034,-4.8956,88.43,44,100,13.0,overcast clouds
191,Khash,IR,28.2211,61.2158,78.4,37,0,3.04,clear sky
192,Trincomalee,LK,8.5711,81.2335,79.12,84,100,15.52,overcast clouds
193,Hearst,CA,49.6835,-83.6665,71.85,78,2,4.59,clear sky
194,Teahupoo,PF,-17.8333,-149.2667,78.76,78,44,17.36,light rain
195,Antofagasta,CL,-23.65,-70.4,54.68,85,95,4.97,overcast clouds
196,Hasaki,JP,35.7333,140.8333,72.28,78,99,5.48,overcast clouds
197,Kudahuvadhoo,MV,2.6708,72.8944,83.23,70,86,7.58,overcast clouds
198,Caxito,AO,-8.5785,13.6643,63.54,97,23,2.24,few clouds
199,Luocheng,CN,29.3848,104.0286,73.24,80,100,1.3,overcast clouds
200,Santa Maria,BR,-29.6842,-53.8069,51.1,100,0,1.14,clear sky
201,Carauari,BR,-4.8828,-66.8958,71.92,97,24,1.03,few clouds
202,Belyy Yar,RU,53.6039,91.3903,67.89,68,0,2.24,clear sky
203,Richards Bay,ZA,-28.783,32.0377,55.74,65,9,11.21,clear sky
204,Jalu,LY,29.0331,21.5482,75.52,58,0,11.07,clear sky
205,Eyl,SO,7.9803,49.8164,78.12,76,99,20.02,overcast clouds
206,San Cristobal,VE,7.7669,-72.225,65.26,98,99,3.27,overcast clouds
207,Bubaque,GW,11.2833,-15.8333,79.99,84,99,11.21,overcast clouds
208,Kurchum,KZ,48.5722,83.6542,62.17,76,5,1.3,clear sky
209,Aire-Sur-La-Lys,FR,50.6387,2.3988,59.83,90,2,4.29,clear sky
210,New Norfolk,AU,-42.7826,147.0587,49.91,83,91,0.92,overcast clouds
211,Kelvington,CA,52.1667,-103.5343,56.1,74,43,7.65,scattered clouds
212,Flinders,AU,-34.5833,150.8552,64.18,60,99,4.0,overcast clouds
213,Vrangel,RU,42.7297,133.0839,58.75,79,99,10.96,overcast clouds
214,Salta,AR,-24.7859,-65.4117,50.59,75,0,6.91,clear sky
215,Praia Da Vitoria,PT,38.7333,-27.0667,64.65,82,75,10.78,broken clouds
216,Kruisfontein,ZA,-34.0033,24.7314,46.89,79,84,7.54,broken clouds
217,Nenjiang,CN,49.1833,125.2167,63.36,82,99,8.66,overcast clouds
218,Arraial Do Cabo,BR,-22.9661,-42.0278,68.56,71,2,11.12,clear sky
219,Padang,ID,-0.9492,100.3543,78.85,78,63,4.21,broken clouds
220,Juegang,CN,32.3174,121.1855,83.91,58,61,9.69,broken clouds
221,Hoa Binh,VN,20.8133,105.3383,79.93,88,100,1.39,moderate rain
222,Gull Lake,CA,50.1001,-108.4847,51.58,92,100,27.87,overcast clouds
223,Lixourion,GR,38.2019,20.4314,72.57,83,27,2.51,scattered clouds
224,Tiznit,MA,29.5833,-9.5,68.94,69,5,0.98,clear sky
225,Narsaq,GL,60.9167,-46.05,48.42,69,0,2.39,clear sky
226,Granja,BR,-3.1203,-40.8261,70.68,93,25,3.4,scattered clouds
227,Lasa,IT,46.6166,10.7002,63.48,75,2,3.94,clear sky
228,Fortuna,US,40.5982,-124.1573,63.93,75,20,12.66,few clouds
229,Kyra,RU,49.5776,111.9753,68.59,59,100,3.27,overcast clouds
230,Atasu,KZ,48.6814,71.6433,61.66,52,19,3.4,few clouds
231,Lovozero,RU,68.005,35.0117,47.53,80,100,10.22,overcast clouds
232,Elko,US,41.0002,-115.5012,79.23,17,0,5.03,clear sky
233,Pineville,US,31.3224,-92.4343,89.49,66,0,8.05,clear sky
234,Starosubkhangulovo,RU,53.1031,57.4423,54.86,91,0,1.07,clear sky
235,Ozernovskiy,RU,51.5,156.5167,54.32,60,69,14.03,broken clouds
236,Hermosillo,MX,29.0667,-110.9667,105.71,16,0,13.0,clear sky
237,Clyde River,CA,70.4692,-68.5914,32.23,93,100,27.63,light snow
238,Ahipara,NZ,-35.1667,173.1667,61.23,61,4,7.78,clear sky
239,Dauriya,RU,49.9333,116.8667,68.76,50,1,5.66,clear sky
240,Marawi,PH,7.9986,124.2928,78.93,61,27,2.17,scattered clouds
241,Isabela,PH,6.7085,121.9711,87.85,68,100,1.39,overcast clouds
242,Taoudenni,ML,22.6783,-3.9836,95.4,9,0,2.19,clear sky
243,Batagay,RU,67.6333,134.6333,64.62,42,49,10.45,scattered clouds
244,Muros,ES,42.7762,-9.0603,70.09,80,52,3.15,broken clouds
245,Yambio,SS,4.5721,28.3955,65.66,97,48,0.81,light rain
246,Eureka,US,40.8021,-124.1637,64.2,73,48,5.99,scattered clouds
247,Fare,PF,-16.7,-151.0167,80.35,72,0,15.7,clear sky
248,Korla,CN,41.7597,86.1469,85.6,19,61,14.47,broken clouds
249,Mount Gambier,AU,-37.8333,140.7667,56.53,83,67,9.15,broken clouds
250,Oktyabrskoye,RU,43.0645,44.7417,62.35,93,96,4.47,overcast clouds
251,Sardulgarh,IN,29.7,75.25,94.32,36,0,10.51,clear sky
252,Atar,MR,20.5169,-13.0499,92.82,31,4,1.81,clear sky
253,Kalianget,ID,-7.05,113.9333,83.21,78,74,14.41,broken clouds
254,Zarnovica,SK,48.4812,18.7157,56.39,80,22,3.04,few clouds
255,Warri,NG,5.5167,5.75,74.21,95,86,2.24,overcast clouds
256,Burhaniye,TR,39.5004,26.9727,69.71,68,0,19.57,clear sky
257,Stykkisholmur,IS,65.0757,-22.7297,45.79,80,27,10.47,scattered clouds
258,Mirnyy,RU,62.5353,113.9611,69.24,46,49,7.0,scattered clouds
259,Yatou,CN,37.15,122.3833,71.91,67,100,6.71,overcast clouds
260,Arbuzynka,UA,47.9097,31.3196,52.9,76,12,7.25,few clouds
261,Cockburn Town,TC,21.4612,-71.1419,80.56,78,40,11.5,scattered clouds
262,Zhezkazgan,KZ,47.8043,67.7144,64.38,45,0,4.47,clear sky
263,Monte Alegre,BR,-2.0078,-54.0692,72.54,93,86,1.66,overcast clouds
264,Longkou,CN,37.6508,120.3286,73.74,67,87,8.14,overcast clouds
265,Petatlan,MX,17.5167,-101.2667,80.4,84,100,8.34,overcast clouds
266,Sicuani,PE,-14.2694,-71.2261,43.32,56,9,5.7,clear sky
267,Gedo,ET,9.0167,37.45,49.26,97,64,1.54,broken clouds
268,Kulhudhuffushi,MV,6.6221,73.07,82.72,74,100,10.47,overcast clouds
269,Burgersdorp,ZA,-30.9977,26.3286,29.59,86,5,4.27,clear sky
270,Mitu,CO,1.1983,-70.1733,67.77,97,78,0.63,broken clouds
271,Cruzeiro Do Sul,BR,-29.5128,-51.9853,59.5,89,5,2.82,clear sky
272,Souillac,MU,-20.5167,57.5167,71.98,73,20,12.66,few clouds
273,Kimbe,PG,-5.5502,150.1429,88.41,58,68,3.42,broken clouds
274,Teya,RU,60.3778,92.6267,67.33,74,75,3.74,broken clouds
275,Aldergrove,CA,49.058,-122.4709,57.99,87,100,5.75,overcast clouds
276,Provideniya,RU,64.3833,-173.3,39.36,100,100,11.18,fog
277,Pandan,PH,14.0453,124.1694,86.83,65,26,4.52,scattered clouds
278,Amga,RU,60.8953,131.9608,66.45,58,61,7.09,broken clouds
279,Vila,PT,42.0304,-8.1588,61.68,62,88,5.3,overcast clouds
280,Yerbogachen,RU,61.2767,108.0108,70.75,56,19,2.59,few clouds
281,Dravograd,SI,46.5881,15.0192,61.05,95,12,3.62,few clouds
282,Ust-Kuyga,RU,70.0167,135.6,50.05,58,100,12.35,overcast clouds
283,Kaeo,NZ,-35.1,173.7833,61.86,56,30,7.16,scattered clouds
284,Lompoc,US,34.6391,-120.4579,73.85,70,0,24.0,clear sky
285,San Ignacio,BZ,17.1561,-89.0714,77.14,88,40,0.0,scattered clouds
286,Shitanjing,CN,39.2342,106.3439,84.11,9,5,3.44,clear sky
287,Hoima,UG,1.4356,31.3436,65.05,89,100,2.35,overcast clouds
288,Shache,CN,38.4167,77.2406,79.72,23,74,15.46,broken clouds
289,Pochutla,MX,15.7432,-96.4661,73.22,91,100,1.01,overcast clouds
290,Torbay,CA,47.6666,-52.7314,41.88,82,20,6.91,few clouds
291,Lorengau,PG,-2.0226,147.2712,85.41,67,100,9.91,overcast clouds
292,Faanui,PF,-16.4833,-151.75,80.55,71,11,15.9,few clouds
293,Scarborough,GB,54.2797,-0.4044,53.78,89,23,3.06,few clouds
294,Ambon,ID,-3.6954,128.1814,83.23,12,40,3.44,scattered clouds
295,Tres Arroyos,AR,-38.3739,-60.2798,45.18,95,100,4.68,overcast clouds
296,Nago,JP,26.5881,127.9761,75.63,87,100,7.23,moderate rain
297,Chuy,UY,-33.6971,-53.4616,53.06,80,100,5.48,overcast clouds
298,Marrakesh,MA,31.6315,-8.0083,73.47,68,40,6.91,scattered clouds
299,Hamilton,US,39.1834,-84.5333,86.04,69,0,6.91,clear sky
300,Kismayo,SO,-0.3582,42.5454,77.31,85,70,13.31,light rain
301,Salinas,US,36.6777,-121.6555,89.56,52,0,12.66,clear sky
302,Shubarshi,KZ,48.5872,57.1869,67.28,44,99,3.15,overcast clouds
303,San Patricio,US,28.017,-97.5169,86.09,69,100,15.93,overcast clouds
304,Digapahandi,IN,19.3667,84.5833,84.31,73,100,3.85,overcast clouds
305,Corowa,AU,-36.0333,146.3833,53.78,97,100,4.83,overcast clouds
306,Henties Bay,NA,-22.116,14.2845,57.15,73,0,3.4,clear sky
307,Aksu,CN,41.1231,80.2644,79.61,24,100,4.14,overcast clouds
308,Naraini,IN,25.1833,80.4833,86.4,59,100,16.28,overcast clouds
309,Inuvik,CA,68.3499,-133.7218,63.46,29,40,10.36,scattered clouds
310,Nome,US,64.5011,-165.4064,46.17,81,100,10.36,overcast clouds
311,Charters Towers,AU,-20.1,146.2667,72.27,65,25,3.89,scattered clouds
312,Sepuka,TZ,-4.75,34.5333,60.93,75,5,8.43,clear sky
313,Son La,VN,21.3167,103.9,71.67,94,100,1.48,overcast clouds
314,Sola,VU,-13.8833,167.55,80.92,77,99,19.39,overcast clouds
315,Ayna,PE,-12.65,-73.9167,54.54,50,0,4.52,clear sky
316,Half Moon Bay,US,37.4636,-122.4286,79.88,69,100,39.12,mist
317,Khor,RU,47.8861,134.9464,70.81,64,22,4.72,few clouds
318,Guerrero Negro,MX,27.9769,-114.0611,67.78,66,0,18.41,clear sky
319,Nioro,GM,13.35,-15.75,80.1,73,89,9.64,overcast clouds
320,Roald,NO,62.5833,6.1333,56.75,93,40,3.44,light intensity drizzle
321,Zelenoborsk,RU,61.4669,64.0333,59.63,54,8,4.09,clear sky
322,Bossangoa,CF,6.4926,17.4552,69.17,96,100,2.57,light rain
323,Ponta Delgada,PT,37.7333,-25.6667,64.51,77,20,3.44,few clouds
324,Coihaique,CL,-45.5752,-72.0662,41.61,81,0,3.44,clear sky
325,Constitucion,CL,-35.3333,-72.4167,50.81,88,17,7.16,few clouds
326,Sitka,US,57.0531,-135.33,64.29,52,0,10.36,clear sky
327,Porto Walter,BR,-8.2686,-72.7439,71.22,78,0,0.47,clear sky
328,Castelo Do Piaui,BR,-5.3222,-41.5525,75.2,65,65,6.96,broken clouds
329,Axim,GH,4.8699,-2.2405,73.89,97,100,4.72,heavy intensity rain
330,Chapleau,CA,47.8405,-83.4034,69.89,88,20,5.75,few clouds
331,Wum,CM,6.3833,10.0667,63.61,96,78,2.89,broken clouds
332,Mutoko,ZW,-17.397,32.2268,53.74,54,0,4.23,clear sky
333,Longyearbyen,SJ,78.2186,15.6401,39.04,75,75,10.36,broken clouds
334,Lata,PT,40.1629,-8.3327,61.86,96,9,3.13,clear sky
335,Broken Hill,AU,-31.95,141.4333,57.56,63,18,11.07,few clouds
336,Kununurra,AU,-15.7667,128.7333,78.78,19,100,6.91,overcast clouds
337,Lodwar,KE,3.1191,35.5973,81.66,45,16,11.14,few clouds
338,Beringovskiy,RU,63.05,179.3167,45.28,77,100,19.62,overcast clouds
339,Neiafu,TO,-18.65,-173.9833,83.08,69,40,14.97,scattered clouds
340,Filingue,NE,14.3521,3.3168,88.97,45,99,8.5,overcast clouds
341,Yanam,IN,16.7333,82.2167,85.98,68,100,1.72,overcast clouds
342,Requena,ES,39.4883,-1.1004,67.78,35,100,2.17,overcast clouds
343,Umm Kaddadah,SD,13.6017,26.6876,86.7,23,7,9.66,clear sky
344,Caravelas,BR,-17.7125,-39.2481,68.47,72,50,5.08,scattered clouds
345,Quepos,CR,9.4236,-84.1652,76.75,85,100,1.63,overcast clouds
346,Beloha,MG,-25.1667,45.05,65.14,76,48,6.55,scattered clouds
347,Egvekinot,RU,66.3167,-179.1667,32.95,98,100,2.53,snow
348,Sehithwa,BW,-20.4667,22.7167,47.01,38,0,9.24,clear sky
349,Poum,NC,-20.2333,164.0167,78.96,77,6,19.98,clear sky
350,Mana,GF,5.6592,-53.7767,75.74,89,49,6.78,scattered clouds
351,Biak,ID,-0.9131,122.8766,81.64,71,95,3.67,overcast clouds
352,Gravdal,NO,68.1214,13.5031,48.33,85,25,2.37,scattered clouds
353,Noyabrsk,RU,63.1994,75.4507,57.15,86,100,16.8,light rain
354,Svetlogorsk,BY,52.6333,29.7333,48.58,94,0,5.23,clear sky
355,Sibu,MY,2.3,111.8167,77.31,94,40,2.3,thunderstorm with light rain
356,Kirensk,RU,57.7853,108.1119,71.24,54,92,3.22,overcast clouds
357,Mount Isa,AU,-20.7333,139.5,71.37,35,87,11.5,overcast clouds
358,Juneau,US,58.3019,-134.4197,67.84,73,75,12.66,broken clouds
359,Dedza,MW,-14.3779,34.3332,52.9,74,0,0.69,clear sky
360,Castlerea,IE,53.7667,-8.5,55.04,89,100,7.23,overcast clouds
361,Berlevag,NO,70.8578,29.0864,39.15,93,75,14.97,broken clouds
362,Muborak,UZ,39.2553,65.1528,85.75,21,0,7.23,clear sky
363,Zeya,RU,53.75,127.2667,75.88,42,71,4.29,broken clouds
364,Totness,SR,5.8833,-56.3167,77.56,85,80,11.21,broken clouds
365,Grand Gaube,MU,-20.0064,57.6608,73.38,68,0,8.99,clear sky
366,Zlobin,HR,45.2924,14.6541,61.63,81,0,4.61,clear sky
367,Diffa,NE,13.3154,12.6113,86.49,41,100,2.8,overcast clouds
368,Tual,ID,-5.6667,132.75,81.81,81,82,19.13,broken clouds
369,Grand Junction,US,39.0639,-108.5507,85.33,6,0,10.36,clear sky
370,Ligayan,PH,4.6533,119.4706,82.67,72,100,6.46,overcast clouds
371,Namibe,AO,-15.1961,12.1522,63.63,73,17,3.06,few clouds
372,Dwarka,IN,22.2394,68.9678,84.81,74,54,15.55,broken clouds
373,Markova,UA,48.6758,24.4138,48.42,89,12,4.27,few clouds
374,Itagi,BR,-14.1628,-40.0061,59.85,94,5,1.43,clear sky
375,Baykit,RU,61.67,96.37,65.12,88,100,2.8,light rain
376,Jian,CN,27.1172,114.9793,76.37,80,100,6.49,moderate rain
377,Namatanai,PG,-3.6667,152.4333,83.53,73,43,8.5,light rain
378,Wangqing,CN,43.3218,129.7634,72.05,59,79,3.4,broken clouds
379,Ardatov,RU,55.2421,43.097,54.54,86,99,5.95,overcast clouds
380,Biritiba-Mirim,BR,-23.5698,-46.0407,55.58,82,50,1.68,scattered clouds
381,Krasnyy Chikoy,RU,50.3643,108.7512,76.08,46,99,2.35,overcast clouds
382,Bredasdorp,ZA,-34.5322,20.0403,44.67,82,7,3.4,clear sky
383,Kattivakkam,IN,13.2167,80.3167,82.49,79,97,9.4,overcast clouds
384,Vagamo,NO,61.8751,9.0967,52.02,91,100,1.03,light rain
385,Port Hedland,AU,-20.3167,118.5667,78.85,27,4,12.66,clear sky
386,Omboue,GA,-1.5746,9.2618,72.55,89,10,5.75,clear sky
387,San Andres,CO,12.5847,-81.7006,78.62,85,100,21.39,overcast clouds
388,Sungaipenuh,ID,-2.0833,101.3833,69.13,90,94,1.34,overcast clouds
389,Umm Lajj,SA,25.0213,37.2685,80.62,69,0,8.39,clear sky
390,Sept-Iles,CA,50.2001,-66.3821,66.63,72,40,3.44,scattered clouds
391,Peniche,PT,39.3558,-9.3811,66.07,92,96,6.85,overcast clouds
392,Parati,BR,-23.2178,-44.7131,60.94,90,4,3.78,clear sky
393,Bjornevatn,NO,69.6672,29.9847,41.34,93,100,16.11,light intensity drizzle
394,Ketchikan,US,55.3422,-131.6461,63.39,60,91,5.61,overcast clouds
395,Corinth,GR,37.9407,22.9573,71.42,63,8,3.94,clear sky
396,Shingu,JP,33.7333,135.9833,76.59,70,100,8.86,overcast clouds
397,Idah,NG,7.1065,6.7342,73.8,96,100,3.47,overcast clouds
398,Jishou,CN,28.3167,109.7167,75.02,81,100,2.1,overcast clouds
399,Taos,US,36.4072,-105.5731,84.2,12,0,7.0,clear sky
400,Tevaitoa,PF,-16.7833,-151.5,80.44,72,7,15.37,clear sky
401,Borovoy,RU,55.4333,86.0833,60.08,88,0,0.0,light rain
402,Mercedes,AR,-34.6515,-59.4307,52.03,80,8,4.72,clear sky
403,Iqaluit,CA,63.7506,-68.5145,46.13,87,100,15.01,light rain
404,Quelimane,MZ,-17.8786,36.8883,67.95,100,0,3.44,clear sky
405,Nantucket,US,41.2835,-70.0995,62.71,83,0,4.61,clear sky
406,Hobyo,SO,5.3505,48.5268,77.9,87,74,22.64,broken clouds
407,Aleksandrov Gay,RU,50.147,48.5704,68.52,45,100,7.45,overcast clouds
408,Mizan Teferi,ET,6.9833,35.5833,59.14,93,98,3.49,overcast clouds
409,Whyalla,AU,-33.0333,137.5833,60.19,62,1,1.77,clear sky
410,Ostrovnoy,RU,68.0531,39.5131,44.78,82,100,14.67,overcast clouds
411,Baiyin,CN,36.5583,104.2081,75.51,26,2,3.76,clear sky
412,Batemans Bay,AU,-35.7167,150.1833,64.31,48,97,8.1,overcast clouds
413,Necochea,AR,-38.5473,-58.7368,48.85,87,100,4.54,overcast clouds
414,Ladario,BR,-19.0047,-57.6017,70.65,57,0,1.7,clear sky
415,Rybnoye,RU,54.7256,39.5119,50.94,91,100,6.02,overcast clouds
416,Jaguey Grande,CU,22.5269,-81.1286,74.97,89,37,5.44,light rain
417,Taltal,CL,-25.4,-70.4833,54.66,85,50,1.88,scattered clouds
418,Nurota,UZ,40.5614,65.6886,80.73,25,0,4.7,clear sky
419,Kamarion,GR,36.8,25.8167,71.1,86,5,21.56,clear sky
420,Diamantino,BR,-14.4086,-56.4461,77.63,55,71,4.05,broken clouds
421,Tobol,KZ,52.6844,62.5794,66.31,56,79,5.99,broken clouds
422,Srednekolymsk,RU,67.45,153.6833,69.28,23,17,11.25,few clouds
423,Tura,IN,25.5198,90.2201,73.42,98,100,5.86,heavy intensity rain
424,Whitehorse,CA,60.7161,-135.0538,66.02,42,40,2.3,scattered clouds
425,Kiama,AU,-34.6833,150.8667,66.38,59,89,1.99,overcast clouds
426,Iralaya,HN,15.0,-83.2333,75.99,89,100,6.15,overcast clouds
427,Tutoia,BR,-2.7619,-42.2744,76.37,83,98,6.93,overcast clouds
428,Ilulissat,GL,69.2167,-51.1,39.22,65,0,6.91,clear sky
429,Turtas,RU,58.9417,69.1325,59.02,79,66,7.23,broken clouds
430,Lincoln,US,40.8,-96.667,78.71,56,0,5.75,clear sky
431,Alta Floresta,BR,-9.8756,-56.0861,74.03,69,28,3.0,scattered clouds
432,Manggar,ID,-2.8833,108.2667,84.06,73,97,4.97,overcast clouds
433,Vila Do Maio,CV,15.1333,-23.2167,74.19,84,43,11.61,scattered clouds
434,Kenai,US,60.5544,-151.2583,65.03,66,0,13.8,clear sky
435,Belvidere,US,42.2639,-88.8443,89.71,57,80,19.89,broken clouds
436,Bogalusa,US,30.791,-89.8487,85.75,74,0,0.0,clear sky
437,Flagstaff,US,35.1981,-111.6513,87.1,9,0,12.66,clear sky
438,Port Lincoln,AU,-34.7333,135.8667,61.11,60,3,6.58,clear sky
439,Taloqan,AF,36.7361,69.5345,85.73,20,0,3.8,clear sky
440,Mazatlan,MX,23.2167,-106.4167,84.16,79,40,7.0,scattered clouds
441,Harper,LR,4.375,-7.7169,74.95,93,100,9.15,moderate rain
442,Novoagansk,RU,61.9449,76.6625,61.95,86,99,14.03,light rain
443,Bonavista,CA,48.6499,-53.1147,43.59,79,4,2.51,clear sky
444,Bassila,BJ,9.0081,1.6654,70.5,99,100,3.24,overcast clouds
445,Calarasi,MD,47.2544,28.3081,63.32,60,94,2.55,overcast clouds
446,Bontang,ID,0.1333,117.5,79.84,80,100,7.23,overcast clouds
447,Dingle,PH,10.9995,122.6711,86.74,68,82,6.2,broken clouds
448,Lamu,KE,-2.2717,40.902,73.62,85,77,11.14,broken clouds
449,Suntar,RU,62.1444,117.6319,73.92,43,86,3.56,overcast clouds
450,Pergamino,AR,-33.89,-60.5736,51.19,65,27,4.65,scattered clouds
451,Agadez,NE,19.75,10.25,87.06,29,100,8.08,overcast clouds
452,Altay,CN,47.8667,88.1167,70.05,49,100,5.82,overcast clouds
453,Payo,ID,-3.7508,103.6372,80.58,75,98,0.63,overcast clouds
454,Norman Wells,CA,65.282,-126.8329,62.64,45,75,3.44,broken clouds
455,Gamba,GA,-2.65,10.0,71.56,91,32,4.56,scattered clouds
456,Da Nang,VN,16.0678,108.2208,85.98,70,0,4.61,clear sky
457,Owando,CG,-0.4819,15.8999,72.23,90,72,2.57,broken clouds
458,Chapais,CA,49.7834,-74.8492,69.58,81,100,6.96,overcast clouds
459,Fukuma,JP,33.7667,130.4667,82.29,68,13,13.2,few clouds
460,Oussouye,SN,12.485,-16.5469,78.46,85,70,8.5,broken clouds
461,La Ronge,CA,55.1001,-105.2842,62.85,59,75,9.22,broken clouds
462,Katrineholm,SE,58.9959,16.2072,56.64,85,100,5.06,overcast clouds
463,Alpena,US,45.0617,-83.4327,79.18,68,75,6.91,broken clouds
464,Poronaysk,RU,49.2167,143.1167,62.89,58,55,11.23,broken clouds
465,Lelystad,NL,52.5083,5.475,59.02,74,54,7.61,broken clouds
466,Bor,RU,56.3567,44.0669,53.53,79,94,6.24,overcast clouds
467,Xichang,CN,27.8964,102.2634,63.63,87,100,1.14,overcast clouds
468,La Union,PE,-5.4,-80.75,64.65,72,0,14.99,clear sky
469,Saint Simons,US,31.1352,-81.3901,84.24,76,0,6.91,clear sky
470,Touros,BR,-5.1989,-35.4608,74.43,83,23,9.15,few clouds
471,Powell,US,40.1578,-83.0752,85.82,69,0,0.0,clear sky
472,Sabang,ID,5.8933,95.3214,81.21,74,100,9.28,overcast clouds
473,Tete,MZ,-16.1564,33.5867,57.29,88,0,0.0,clear sky
474,Selfoss,IS,63.9331,-20.9971,43.05,75,100,13.2,overcast clouds
475,Auki,SB,-8.7676,160.7034,85.08,64,80,4.25,broken clouds
476,Port Hardy,CA,50.6996,-127.4199,51.98,100,100,8.05,light intensity shower rain
477,Linxia,CN,35.6003,103.2064,72.09,32,26,1.36,scattered clouds
478,Camacupa,AO,-12.0167,17.4833,52.09,44,95,2.86,overcast clouds
479,Ashqelon,IL,31.6693,34.5715,74.82,81,0,7.09,clear sky
480,Lagoa,PT,39.05,-27.9833,63.19,90,15,7.96,few clouds
481,Fukue,JP,32.6881,128.8419,77.36,83,40,10.36,scattered clouds
482,Yar-Sale,RU,66.8333,70.8333,59.63,36,1,18.63,clear sky
483,Najran,SA,17.4924,44.1277,77.65,21,98,3.44,overcast clouds
484,Tazovskiy,RU,67.4667,78.7,54.5,78,99,15.21,overcast clouds
485,Vardo,NO,70.3705,31.1107,40.98,93,100,16.11,drizzle
486,Tranas,SE,58.0372,14.9782,54.39,91,99,4.5,overcast clouds
487,Cabedelo,BR,-6.9811,-34.8339,74.07,79,20,7.11,few clouds
488,Waipawa,NZ,-41.4122,175.5153,56.03,60,33,17.65,scattered clouds
489,Oliver,CA,49.1831,-119.5524,69.71,43,100,8.05,overcast clouds
490,Denpasar,ID,-8.65,115.2167,82.06,83,20,2.3,few clouds
491,Camabatela,AO,-8.1881,15.375,56.59,63,75,1.66,broken clouds
492,Maldonado,UY,-34.6667,-54.9167,55.22,91,100,5.19,overcast clouds
493,Verkhoyansk,RU,67.5447,133.385,61.79,47,100,14.74,overcast clouds
494,Impfondo,CG,1.6381,18.0667,73.2,91,97,0.6,overcast clouds
495,Bathsheba,BB,13.2167,-59.5167,83.01,78,40,23.02,scattered clouds
496,Broome,US,42.2506,-75.833,76.05,63,100,4.61,overcast clouds
497,Marystown,CA,47.1666,-55.1483,50.86,100,0,0.87,clear sky
498,Pamekasan,ID,-7.1568,113.4746,84.11,75,30,12.93,scattered clouds
499,Mount Pleasant,US,32.7941,-79.8626,82.54,74,0,5.75,clear sky
500,Sinnamary,GF,5.3833,-52.95,76.59,85,88,7.2,overcast clouds
501,Yokadouma,CM,3.5167,15.05,67.87,100,95,0.85,moderate rain
502,Sao Jose Da Coroa Grande,BR,-8.8978,-35.1478,75.07,89,39,9.8,scattered clouds
503,Belen,TR,36.4891,36.2233,66.34,88,40,13.8,scattered clouds
504,Astoria,US,46.1879,-123.8313,59.56,71,100,5.75,overcast clouds
505,Sioux Lookout,CA,50.1001,-91.917,60.87,77,75,6.91,broken clouds
506,Shelopugino,RU,51.6514,117.5599,69.75,51,19,4.65,few clouds
507,Borba,BR,-4.3878,-59.5939,72.18,98,19,1.92,few clouds
508,Kamenka,RU,51.3223,42.7678,56.91,98,100,5.75,light rain
509,Bandar-E Lengeh,IR,26.5579,54.8807,87.17,59,19,9.82,few clouds
510,Tagusao,PH,9.1924,117.8141,86.04,64,99,0.78,overcast clouds
511,Nouadhibou,MR,20.931,-17.0347,67.98,88,0,12.66,clear sky
512,Oksfjord,NO,70.2396,22.3479,44.67,74,88,4.81,overcast clouds
513,Coolum Beach,AU,-26.5333,153.1,74.1,67,0,3.96,clear sky
514,Hurghada,EG,27.2574,33.8129,82.44,42,0,20.71,clear sky
515,Ugoofaaru,MV,5.6667,73.0,83.12,74,100,10.18,overcast clouds
516,Osoyoos,CA,49.0331,-119.4524,70.21,50,100,8.05,overcast clouds
517,Tibati,CM,6.4667,12.6333,65.59,95,100,1.77,overcast clouds
518,Dunhua,CN,43.3725,128.2425,63.55,84,94,8.34,overcast clouds
519,Palmas,BR,-10.2128,-48.3603,73.27,83,0,5.75,clear sky
520,Emerald,AU,-23.5333,148.1667,71.35,66,0,5.7,clear sky
521,Belaya Gora,RU,68.5333,146.4167,73.09,27,46,10.65,scattered clouds
522,Pangai,TO,-19.8,-174.35,84.31,70,20,11.5,few clouds
523,Odweyne,SO,9.4092,45.064,72.23,53,38,19.42,scattered clouds
524,Madang,PG,-5.2246,145.7966,84.54,75,34,4.32,scattered clouds
525,Melo,UY,-32.3667,-54.1833,51.57,88,97,4.21,overcast clouds
526,Khasan,RU,42.4308,130.6434,61.66,82,81,7.38,broken clouds
527,Coihueco,CL,-36.6167,-71.8333,41.74,100,25,2.3,fog
528,Colac,AU,-38.3333,143.5833,55.17,87,71,10.58,broken clouds
529,Lazaro Cardenas,MX,17.9583,-102.2,80.82,82,100,9.91,overcast clouds
530,Lock Haven,US,41.137,-77.4469,82.29,98,64,4.72,broken clouds
531,Miechow,PL,50.3565,20.0279,57.61,86,66,4.0,broken clouds
532,Hays,US,30.0502,-98.0336,89.96,54,92,19.77,overcast clouds
533,Berdigestyakh,RU,62.0989,126.6992,73.15,37,56,8.68,broken clouds
534,Champerico,GT,14.3,-91.9167,80.15,79,100,7.38,overcast clouds
535,Am Timan,TD,11.0297,20.2827,80.17,56,100,9.6,overcast clouds
536,Te Anau,NZ,-45.4167,167.7167,45.95,92,100,3.67,overcast clouds
537,Komsomolskiy,UZ,40.4272,71.7189,72.32,49,15,4.61,few clouds
538,Betong,TH,5.7743,101.0723,79.66,80,94,1.03,overcast clouds
539,Alofi,NU,-19.0595,-169.9187,82.29,69,40,13.8,scattered clouds
540,Solwezi,ZM,-12.1688,26.3894,51.28,60,0,1.23,clear sky
541,Tyret Pervaya,RU,53.6703,102.3106,71.17,67,89,4.52,overcast clouds
542,Shetpe,KZ,44.1667,52.1167,77.74,37,28,5.79,scattered clouds
543,Saint Anthony,US,45.0205,-93.218,75.13,62,20,6.91,few clouds
544,Yoichi,JP,43.2039,140.7703,60.3,95,100,2.86,overcast clouds
545,Olinda,BR,-8.0089,-34.8553,74.93,94,75,3.44,broken clouds
546,Zabaykalsk,RU,49.6333,117.3167,70.02,50,0,2.89,clear sky
547,Kahului,US,20.8947,-156.47,84.22,61,40,25.32,scattered clouds
548,Caconda,AO,-13.7333,15.0667,49.46,32,5,3.65,clear sky
549,Boguchany,RU,58.3814,97.4531,68.79,81,85,4.59,light rain
550,Pizarro,CO,4.9533,-77.366,77.61,85,96,4.63,light rain
551,Chissamba,AO,-12.1667,17.3333,53.29,43,80,2.06,broken clouds
552,Alyangula,AU,-13.8483,136.4192,81.01,60,87,13.98,overcast clouds
553,Tayoltita,MX,24.0833,-105.9333,77.07,66,68,2.04,broken clouds
554,Wanning,CN,18.8003,110.3967,86.02,74,93,12.73,overcast clouds
555,Boyolangu,ID,-8.1181,111.8935,82.08,76,33,2.15,light rain
556,Ust-Maya,RU,60.4167,134.5333,63.18,65,95,3.09,light rain
557,Chalmette,US,29.9427,-89.9634,91.4,55,0,5.75,haze
558,Warrensburg,US,38.7628,-93.7361,84.25,66,0,13.8,clear sky
559,Tashtyp,RU,52.7939,89.8983,62.37,90,92,5.55,light rain
560,Celestun,MX,20.8667,-90.4,79.79,77,68,21.56,broken clouds
561,Bastrop,US,32.7562,-91.8724,89.28,83,0,5.1,clear sky
562,Sandila,IN,27.0833,80.5167,96.96,38,5,11.88,clear sky
563,Altamira,BR,-3.2033,-52.2064,69.4,86,11,1.23,few clouds
564,Zhaodong,CN,46.0833,125.9833,74.95,57,99,11.45,overcast clouds
565,Sao Raimundo Das Mangabeiras,BR,-7.0219,-45.4811,72.79,76,21,2.33,few clouds
566,Verkhnyaya Toyma,RU,62.2349,44.9985,54.84,93,50,5.66,scattered clouds
567,Miri,MY,4.4148,114.0089,84.34,84,20,3.44,few clouds
568,Sarakhs,IR,36.5449,61.1577,78.94,44,19,4.61,few clouds
569,Doha,QA,25.2867,51.5333,89.58,43,0,4.61,clear sky
570,Oranjestad,AW,12.524,-70.027,82.35,78,20,21.85,few clouds
571,Porto Novo,BJ,6.4965,2.6036,75.02,96,100,4.83,light rain
572,Poitiers,FR,46.5833,0.3333,68.41,68,0,8.05,clear sky
573,Seymchan,RU,62.8833,152.4333,66.47,38,45,4.7,scattered clouds
574,Buala,SB,-8.145,159.5921,82.65,76,95,9.37,light rain
575,Aksarka,RU,66.5606,67.7975,59.31,29,3,12.06,clear sky
576,Labytnangi,RU,66.6572,66.4183,61.84,50,17,2.13,few clouds
577,Guantanamo,CU,20.1444,-75.2092,83.77,84,69,3.02,broken clouds
578,Zhicheng,CN,30.2956,111.5047,89.06,47,42,2.93,scattered clouds
579,Rosarito,MX,32.3333,-117.0333,76.66,67,10,3.65,clear sky
580,Caraballeda,VE,10.6112,-66.8522,78.24,90,45,7.99,scattered clouds
581,Svobodnyy,RU,51.4,128.1333,68.45,69,100,4.79,overcast clouds
582,Gizo,SB,-8.103,156.8419,84.51,69,75,9.4,broken clouds
583,Jambi,ID,-1.6,103.6167,78.71,87,100,3.24,overcast clouds
584,Urucui,BR,-7.2294,-44.5561,74.26,68,78,4.09,broken clouds
585,Balvi,LV,57.1313,27.2658,46.42,88,0,7.18,clear sky
586,Kalat,PK,29.0225,66.5916,72.64,26,0,7.23,clear sky
587,Acapulco,MX,16.8634,-99.8901,75.02,100,100,8.05,overcast clouds
588,Luleburgaz,TR,41.4039,27.3592,58.46,83,5,5.19,clear sky
589,Nhulunbuy,AU,-12.2333,136.7667,83.01,69,75,12.66,broken clouds
590,Turukhansk,RU,65.8167,87.9833,61.29,94,100,7.47,light rain
591,Bandarbeyla,SO,9.4942,50.8122,79.3,73,98,23.6,overcast clouds
592,Mexico,PH,15.0646,120.7198,87.51,63,100,3.62,overcast clouds
593,Helena,US,46.5927,-112.0361,69.98,40,0,14.97,clear sky
594,Rancho Palos Verdes,US,33.7445,-118.387,77.05,81,20,13.8,few clouds
595,Petropavlovsk-Kamchatskiy,RU,53.0452,158.6483,52.39,76,20,17.9,few clouds
596,Vestmannaeyjar,IS,63.4427,-20.2734,49.48,72,100,17.13,overcast clouds
597,Nargana,PA,9.4428,-78.5906,79.74,81,38,2.35,scattered clouds
598,Saint-Augustin,CA,51.226,-58.6502,51.48,80,20,7.65,few clouds
599,Christiana,ZA,-27.914,25.1611,36.59,65,40,4.92,scattered clouds
600,Dogondoutchi,NE,13.6393,4.0287,87.06,50,100,11.01,overcast clouds
601,Nuuk,GL,64.1835,-51.7216,38.01,81,77,9.22,broken clouds
602,Laguna De Perlas,NI,12.3429,-83.6712,74.41,91,100,10.25,overcast clouds
603,Kenora,CA,49.8167,-94.4337,59.97,82,40,9.22,scattered clouds
604,Jijiga,ET,9.35,42.8,63.21,72,96,17.67,overcast clouds
605,Maniitsoq,GL,65.4167,-52.9,35.96,76,72,5.97,broken clouds
606,Alice Town,BS,25.7167,-79.3,82.96,72,100,12.55,overcast clouds
607,Atambua,ID,-9.1061,124.8925,82.22,55,79,5.68,broken clouds
608,Camacha,PT,33.0833,-16.3333,63.82,77,40,12.66,scattered clouds
609,Jardim,BR,-21.4803,-56.1381,65.57,62,0,3.94,clear sky
610,Ixtapa,MX,20.7,-105.2,79.23,94,100,9.22,overcast clouds
611,Yichang,CN,30.7144,111.2847,90.28,47,91,1.9,overcast clouds
612,Terrace,CA,54.5163,-128.6035,76.91,29,75,6.91,smoke
613,Kohima,IN,25.6667,94.1167,64.96,97,100,3.18,moderate rain
614,Nyirvasvari,HU,47.8167,22.1868,56.88,61,78,4.21,broken clouds
615,Montepuez,MZ,-13.1256,38.9997,64.0,92,78,2.95,broken clouds
616,Itanagar,IN,27.1,93.6167,73.49,99,100,1.7,overcast clouds
617,Bumba,CD,2.1833,22.4667,71.64,89,100,1.54,overcast clouds
618,San Quintin,MX,30.4833,-115.95,65.97,71,1,6.11,clear sky
619,Sao Joao Da Barra,BR,-21.6403,-41.0511,66.16,79,79,3.2,broken clouds
620,Ferkessedougou,CI,9.6,-5.2,73.98,90,100,4.79,light rain
621,Chipata,ZM,-13.6333,32.65,57.29,64,2,4.5,clear sky
622,Guane,CU,22.2025,-84.0875,78.08,83,10,7.47,clear sky
623,Ormara,PK,25.2088,64.6357,81.72,84,11,12.86,few clouds
624,Klyuchi,RU,52.2667,79.1667,64.71,63,82,10.36,broken clouds
625,Meulaboh,ID,4.1363,96.1285,77.43,83,100,4.94,overcast clouds
626,Marsh Harbour,BS,26.5412,-77.0636,81.14,74,100,7.45,overcast clouds
627,Krasnoselkup,RU,65.7,82.4667,62.89,85,100,8.23,light rain
628,Bria,CF,6.5423,21.9863,67.26,93,100,3.49,overcast clouds
629,Luganville,VU,-15.5333,167.1667,80.8,82,100,13.15,heavy intensity rain
630,Batsfjord,NO,70.6345,29.7185,39.13,93,100,10.36,light intensity drizzle
631,Deputatskiy,RU,69.3,139.9,61.38,41,84,8.01,broken clouds
632,El Alto,PE,-4.2714,-81.2147,64.62,76,1,18.86,clear sky
633,Palana,RU,59.1167,159.9667,49.05,67,100,5.1,overcast clouds
634,Oulu,FI,65.0124,25.4682,48.31,92,100,14.97,light rain
635,Noumea,NC,-22.2763,166.4572,78.78,99,94,11.07,overcast clouds
636,Kodinsk,RU,58.6881,99.1844,62.6,96,100,2.24,light rain
637,Iquique,CL,-20.2208,-70.1431,60.84,81,64,3.98,broken clouds
638,Nipawin,CA,53.3668,-104.0009,62.64,67,75,13.8,broken clouds
639,Jinka,ET,5.65,36.65,60.26,83,89,3.87,overcast clouds
640,Kloulklubed,PW,7.0419,134.2556,81.1,74,97,9.86,overcast clouds
641,Tessalit,ML,20.1986,1.0114,86.85,30,91,4.61,overcast clouds
642,Talaya,RU,61.3833,152.75,57.96,55,100,10.74,overcast clouds
643,Santa Cruz,BO,-17.8,-63.1667,67.46,77,0,9.22,clear sky
644,Vanimo,PG,-2.6741,141.3028,86.29,64,37,6.71,scattered clouds
645,Tautira,PF,-17.7333,-149.15,79.29,77,34,15.55,light rain
646,Yongan,CN,39.6957,113.6871,76.98,41,38,6.26,scattered clouds
647,Ossora,RU,59.2353,163.0719,52.03,72,100,12.93,overcast clouds
648,Poddorye,RU,57.4695,31.1156,48.85,82,90,8.88,overcast clouds
649,Sierra Vista,US,31.5545,-110.3037,95.05,8,0,16.11,clear sky
650,Sholapur,IN,17.6833,75.9167,81.77,61,100,9.53,overcast clouds
651,The Valley,AI,18.217,-63.0578,82.81,84,100,17.98,overcast clouds
652,Pangani,TZ,-5.4333,38.9667,69.87,89,9,6.91,clear sky
653,Haicheng,CN,40.8516,122.7475,75.25,57,3,11.41,clear sky
654,San Juan,AR,-31.5375,-68.5364,50.32,38,0,4.68,clear sky
655,Ende,ID,-8.8432,121.6623,84.58,67,100,4.38,overcast clouds
656,Hualmay,PE,-11.0964,-77.6139,61.29,80,4,13.11,clear sky
657,Waingapu,ID,-9.6567,120.2641,84.27,67,34,15.48,scattered clouds
658,Purpe,RU,64.4803,76.6897,57.34,87,100,13.04,light rain
659,Socuellamos,ES,39.2858,-2.7921,75.38,42,100,10.58,overcast clouds
660,La Trinitaria,MX,16.1167,-92.05,61.25,78,100,10.36,overcast clouds
661,Marshall,US,34.3834,-86.3333,86.31,71,0,0.0,clear sky
662,Maragogi,BR,-9.0122,-35.2225,74.79,89,31,10.29,scattered clouds
663,Nemuro,JP,43.3236,145.575,52.9,99,100,19.69,overcast clouds
664,Tolga,DZ,34.7222,5.3785,86.81,24,0,11.92,clear sky
665,Hareid,NO,62.3714,6.0263,56.53,92,100,1.01,light rain
666,Nyurba,RU,63.2842,118.3319,71.06,50,57,3.8,broken clouds
667,Monrovia,LR,6.3005,-10.7969,77.09,86,100,12.28,light rain
668,Mansehra,PK,34.3333,73.2,78.87,42,5,5.53,clear sky
669,Pisco,PE,-13.7,-76.2167,62.02,77,1,13.8,smoke
670,Edgewater,US,28.9889,-80.9023,84.99,78,0,6.91,clear sky
671,Takoradi,GH,4.8845,-1.7554,74.21,97,100,9.66,heavy intensity rain
672,Tezu,IN,27.9167,96.1667,73.83,98,100,3.15,overcast clouds
673,Guacimo,CR,10.2104,-83.6807,72.72,99,100,1.66,overcast clouds
674,Esmeraldas,BR,-19.7625,-44.3139,58.24,76,17,3.4,few clouds
675,Cayenne,GF,4.9333,-52.3333,82.09,1,0,0.0,clear sky
676,Wajir,KE,1.7471,40.0573,74.34,70,31,12.03,scattered clouds
677,Temple,US,31.0982,-97.3428,92.03,45,0,14.97,clear sky
678,Rovaniemi,FI,66.5,25.7167,44.01,93,100,11.5,light rain
679,Buraydah,SA,26.326,43.975,82.85,16,0,9.91,clear sky
